Transcript,Turn,Failed Move,Clarify,Structure Placement,Side Placement,Overall Structure State,Group Agreement,Transcription
0,1,N/A,True,N/A,N/A,N/A,N/A,"D2: I see the bottom left corner is empty, so let's start by putting a small yellow block there. This will help us build up properly."
1,2,False,N/A,False,False,False,yes,"D1: I see my bottom left corner is still empty, but I need an orange block there first. Let’s start by placing that orange block on my bottom left corner.
D3: I see the bottom left corner is empty, so let's start by putting a small green block there. This will help us build up properly.
D2: I see the bottom left corner is still empty, so let's start by placing a small yellow block there. Can you confirm that’s the spot?"
2,3,N/A,True,N/A,N/A,N/A,N/A,"D1: I see my bottom left corner is still empty, but I need an orange block there first. Let’s start by placing that orange block on my bottom left corner.
D3: I see my bottom left corner is empty, so let’s start by putting a small green block there. This will help us build up properly."
3,4,N/A,True,N/A,N/A,N/A,N/A,"D2: I see the bottom left corner is still empty, so let's start by placing a small yellow block there. Can you confirm that’s the spot?
D3: I see my bottom left corner is empty, so let’s start by putting a small green block there. This will help us build up properly."
4,5,N/A,True,N/A,N/A,N/A,N/A,"D3: I see my bottom left corner is empty, so let’s start by putting a small green block there. This will help us build up properly.
D1: I see my bottom left corner is empty, but I need an orange block there first. Let’s start by placing that orange block on my bottom left corner."
5,6,False,N/A,False,False,False,yes,"D2: I see the bottom left corner is still empty, so let's start by placing a small yellow block there. Can you confirm that’s the spot? I need a small yellow block at my bottom left corner to begin building correctly.
D3: I see my bottom left corner is empty, so let’s start by putting a small green block there. This will help us build up properly.
D1: I see my bottom left corner is still empty, but I need an orange block there first. Let’s start by placing that orange block on my bottom left corner."
6,7,False,N/A,False,False,False,yes,"D2: I see the bottom left corner now has an orange block, but I need a small yellow block there to start building correctly. Can we place that yellow block next?
D1: I see my bottom left corner has an orange block now, but I need a small yellow block next to it and orange blocks in the middle and right spots. Let’s add those yellow and orange blocks next."
7,8,False,N/A,True,True,False,yes,"D2: I see the bottom left corner has an orange block and a small yellow block on top, but I need a large yellow block spanning the middle and right cells next to it. Let’s place that large yellow block now.
D1: I see my bottom left corner has an orange block now, but I’m unsure about placing a yellow block on top of it. Let’s add the yellow block next to the orange one first, then we can stack the orange blocks in the middle and right spots."
8,9,False,N/A,False,False,False,yes,"D2: I see the bottom left corner has an orange block and a small yellow block on top, but I need a large yellow block spanning the middle and right cells next to it. Let’s place that large yellow block now.
D1: I see my bottom left corner has an orange block and a small yellow block on top, but I’m still unsure about placing a yellow block on top of the orange one. Let’s add the yellow block next to the orange one first, then we can stack the orange blocks in the middle and right spots."
9,10,True,N/A,N/A,N/A,N/A,N/A,"D3: I see my bottom left corner has an orange block and a small yellow block on top, but the middle and right cells are still empty. Let’s place a large yellow block spanning those middle and right cells next to the orange block to start building up properly.
D1: I see my bottom left corner has an orange block and a small yellow block on top, but I need a large yellow block spanning the middle and right cells next to it. Let’s place that large yellow block now."
10,11,False,N/A,False,False,False,yes,"D2: I see the middle and right cells are still empty, so let’s place a large yellow block spanning those middle and right cells next to the orange block to start building up properly.
D3: I see my bottom left corner has an orange block and a small yellow block on top, but the middle and right cells are still empty. Let’s place a large yellow block spanning those middle and right cells next to the orange block to start building up properly."
11,12,True,N/A,N/A,N/A,N/A,N/A,"D1: I see my bottom left corner has an orange block and a small yellow block on top, but the middle and right cells are still empty. Let’s place a large yellow block spanning those middle and right cells next to the orange block to start building up properly.
D3: I see my bottom left corner has an orange block and a small yellow block on top, but the middle and right cells are still empty. Let’s place a large yellow block spanning those middle and right cells next to the orange block to start building up properly."
12,13,N/A,True,N/A,N/A,N/A,N/A,"D2: I see the middle and right cells are still empty, so let’s place a large yellow block spanning those middle and right cells next to the orange block to start building up properly.
D3: I see my bottom left corner has an orange block and a small yellow block on top, but the middle and right cells are still empty. Let’s place a large yellow block spanning those middle and right cells next to the orange block to start building up properly."
13,14,N/A,True,N/A,N/A,N/A,N/A,"D3: I see my bottom left corner has an orange block and a small yellow block on top, but the middle and right cells are still empty. Let’s place a large yellow block spanning those middle and right cells next to the orange block to start building up properly.
D2: I see the middle and right cells are still empty, so let’s place a large yellow block spanning those middle and right cells next to the orange block to start building up properly."
14,15,True,N/A,N/A,N/A,N/A,N/A,"D2: I see the middle and right cells are still empty, so let’s place a large yellow block spanning those middle and right cells next to the orange block to start building up properly.
D1: I see my bottom left corner has an orange block and a small yellow block on top, but the middle and right cells are still empty. Let’s place a large yellow block spanning those middle and right cells next to the orange block to start building up properly."
15,16,N/A,True,N/A,N/A,N/A,N/A,"D1: I see my bottom left corner has an orange block and a small yellow block on top, but the middle and right cells are still empty. Let’s place a large yellow block spanning those middle and right cells next to the orange block to start building up properly.
D2: I see the bottom left corner has an orange block and a small yellow block on top, but the middle and right cells are still empty. Let’s place a large yellow block spanning those middle and right cells next to the orange block to start building up properly."
16,17,N/A,True,N/A,N/A,N/A,N/A,"D2: I see the bottom left corner has an orange block and a small yellow block on top, but the middle and right cells are still empty. Let’s place a large yellow block spanning those middle and right cells next to the orange block to start building up properly."
17,18,False,N/A,False,False,False,yes,"D1: I see my bottom left corner has an orange block and a small yellow block on top, but the middle and right cells are still empty. Let’s place a large yellow block spanning those middle and right cells next to the orange block to start building up properly. Can we confirm the exact layer and position for this large yellow block?
D3: My bottom left corner has an orange block and a small yellow block on top, but the middle and right cells are still empty. Let’s place a large yellow block spanning those middle and right cells next to the orange block to start building up properly."
18,19,True,N/A,N/A,N/A,N/A,N/A,"D1: I see my bottom left corner has an orange block and a small yellow block on top, but the middle and right cells are still empty. Let’s place a large yellow block spanning those middle and right cells next to the orange block to start building up properly."
19,20,False,N/A,True,True,False,yes,"D1: I see my bottom left corner has an orange block and a small yellow block on top, but the middle and right cells are still empty. We need to remove the yellow blocks from those middle and right cells first to place a large yellow block spanning them properly. Let’s clear those cells first.
D3: I see my bottom left corner has an orange block and a small yellow block on top, but the middle and right cells are still empty. Let’s place a large yellow block spanning those middle and right cells next to the orange block to start building up properly.
D2: I see the middle and right cells are still empty, so let’s place a large yellow block spanning those middle and right cells next to the orange block to start building up properly."
