turn,builderConfirmation,chosen,rejected,fullDialog,score
1,Placing small yellow block in the bottom middle of D1's side as requested.,D1: I see my bottom middle and bottom right spots empty but they should hold a small yellow and a small blue block. Please place a small yellow block next to my yellow corner on the bottom layer.,[],"['D3: No message provided', 'D1: I see my bottom middle and bottom right spots empty but they should hold a small yellow and a small blue block. Please place a small yellow block next to my yellow corner on the bottom layer.', 'D2: No message provided', ""Builder: Placing small yellow block in the bottom middle of D1's side as requested."", 'Builder: FAILED — Large block \'yl\' needs span_to — specify which adjacent cell it extends into. Board unchanged: {""(0,0)"": [""yl"", ""gl"", ""rl""], ""(0,1)"": [""bl"", ""gl"", ""gl""], ""(0,2)"": [""bs"", ""rl"", ""gl""], ""(1,0)"": [], ""(1,1)"": [], ""(1,2)"": [], ""(2,0)"": [], ""(2,1)"": [], ""(2,2)"": []}']",0
2,Removing the large yellow block from the bottom left of D2's side as requested.,"D2: I’m seeing a large yellow block covering my bottom left and center, which doesn’t fit my view; please remove that large yellow block from my bottom left corner so I can get the right small blocks in place.","['D3: I see a blue block on my bottom left where I need a small yellow instead, so first remove that blue block from', 'D3: I see my bottom middle and bottom left spots empty, but they need small red and yellow blocks. Let’s place a small yellow block in my bottom left corner right now.']","['D3: I see a blue block on my bottom left where I need a small yellow instead, so first remove that blue block from', 'D2: I’m seeing a large yellow block covering my bottom left and center, which doesn’t fit my view; please remove that large yellow block from my bottom left corner so I can get the right small blocks in place.', 'D3: I see my bottom middle and bottom left spots empty, but they need small red and yellow blocks. Let’s place a small yellow block in my bottom left corner right now.', ""Builder: Removing the large yellow block from the bottom left of D2's side as requested."", 'Builder: FAILED — Cannot remove layer 0 at (0,0) — must remove top block first (layer 2). Board unchanged: {""(0,0)"": [""yl"", ""gl"", ""rl""], ""(0,1)"": [""bl"", ""gl"", ""gl""], ""(0,2)"": [""bs"", ""rl"", ""gl""], ""(1,0)"": [], ""(1,1)"": [], ""(1,2)"": [], ""(2,0)"": [], ""(2,1)"": [], ""(2,2)"": []}']",0
3,Removing the blue small block from the bottom left of D3's side as requested.,"D3: I see a blue block where my bottom left should have a small yellow, so remove that blue block there first to clear the way for the right color on my bottom left corner.","[""D2: From my back wall, I notice a tall stack blocking the bottom left corner with colors that don't match my small blue block there. Let's start by removing the top red block on that back corner so we can access what's underneath."", 'D3: I see red and green blocks stacked on my bottom left corner over the blue block; please remove the top red block there first so we can fix the bottom layer underneath.']","['D3: I see red and green blocks stacked on my bottom left corner over the blue block; please remove the top red block there first so we can fix the bottom layer underneath.', 'D3: I see a blue block where my bottom left should have a small yellow, so remove that blue block there first to clear the way for the right color on my bottom left corner.', ""D2: From my back wall, I notice a tall stack blocking the bottom left corner with colors that don't match my small blue block there. Let's start by removing the top red block on that back corner so we can access what's underneath."", ""Builder: Removing the blue small block from the bottom left of D3's side as requested."", 'Builder: FAILED — Cannot remove layer 0 at (0,2) — must remove top block first (layer 2). Board unchanged: {""(0,0)"": [""yl"", ""gl"", ""rl""], ""(0,1)"": [""bl"", ""gl"", ""gl""], ""(0,2)"": [""bs"", ""rl"", ""gl""], ""(1,0)"": [], ""(1,1)"": [], ""(1,2)"": [], ""(2,0)"": [], ""(2,1)"": [], ""(2,2)"": []}']",0
4,Removing the top red block from D2's bottom left corner as requested.,"D2: From my back wall, I see a tall stack at my bottom left corner blocking the small blue block I need; please start by removing the top red block there so we can fix the layers underneath.","['D3: I see a red block on top of my bottom left corner blocking the blue beneath, so remove that top red block there first to clear the way for the right block underneath.', 'D3: I still see a red block on top of my bottom left corner blocking access to the wrong blue block underneath; remove that top red block first so we can fix the bottom layer properly.']","['D2: From my back wall, I see a tall stack at my bottom left corner blocking the small blue block I need; please start by removing the top red block there so we can fix the layers underneath.', 'D3: I see a red block on top of my bottom left corner blocking the blue beneath, so remove that top red block there first to clear the way for the right block underneath.', 'D3: I still see a red block on top of my bottom left corner blocking access to the wrong blue block underneath; remove that top red block first so we can fix the bottom layer properly.', ""Builder: Removing the top red block from D2's bottom left corner as requested."", 'Builder: FAILED — Cannot remove layer 0 at (0,0) — must remove top block first (layer 2). Board unchanged: {""(0,0)"": [""yl"", ""gl"", ""rl""], ""(0,1)"": [""bl"", ""gl"", ""gl""], ""(0,2)"": [""bs"", ""rl"", ""gl""], ""(1,0)"": [], ""(1,1)"": [], ""(1,2)"": [], ""(2,0)"": [], ""(2,1)"": [], ""(2,2)"": []}']",0
5,Removing the large green block from the bottom layer as requested by D3 to clear the way for fixing the layers below.,"D3: I see a green block on top of my bottom left corner blocking the red block beneath, so remove that top green block first to clear the way for fixing the layers below.","['D1: I see a red block on top of my bottom left corner blocking access to the layers underneath, so please remove that top red block there first to clear the way for fixing the bottom layer.', 'D1: I see my bottom middle and bottom right are still missing the small yellow and small blue blocks next to my yellow corner. Please place a small yellow block there, then a small blue block to its right on the bottom layer.']","['D1: I see a red block on top of my bottom left corner blocking access to the layers underneath, so please remove that top red block there first to clear the way for fixing the bottom layer.', 'D3: I see a green block on top of my bottom left corner blocking the red block beneath, so remove that top green block first to clear the way for fixing the layers below.', 'D1: I see my bottom middle and bottom right are still missing the small yellow and small blue blocks next to my yellow corner. Please place a small yellow block there, then a small blue block to its right on the bottom layer.', 'Builder: Removing the large green block from the bottom layer as requested by D3 to clear the way for fixing the layers below.', 'Builder: FAILED — Cannot remove layer 0 at (0,2) — must remove top block first (layer 2). Board unchanged: {""(0,0)"": [""yl"", ""gl"", ""rl""], ""(0,1)"": [""bl"", ""gl"", ""gl""], ""(0,2)"": [""bs"", ""rl"", ""gl""], ""(1,0)"": [], ""(1,1)"": [], ""(1,2)"": [], ""(2,0)"": [], ""(2,1)"": [], ""(2,2)"": []}']",0
6,Removing the red block from D3's bottom left corner as requested.,"D3: I see a red block on top of my bottom left corner blocking the layers below, so remove that top red block there first to clear the way for fixing my bottom layer.",['D3: I see a red block on top of my bottom left corner blocking the blocks below; remove that top red block there first so we can fix the bottom layer properly.'],"['D3: I see a red block on top of my bottom left corner blocking the layers below, so remove that top red block there first to clear the way for fixing my bottom layer.', 'D3: I see a red block on top of my bottom left corner blocking the blocks below; remove that top red block there first so we can fix the bottom layer properly.', 'D2: No message provided', ""Builder: Removing the red block from D3's bottom left corner as requested."", 'Builder: FAILED — Cannot remove layer 0 at (0,2) — must remove top block first (layer 2). Board unchanged: {""(0,0)"": [""yl"", ""gl"", ""rl""], ""(0,1)"": [""bl"", ""gl"", ""gl""], ""(0,2)"": [""bs"", ""rl"", ""gl""], ""(1,0)"": [], ""(1,1)"": [], ""(1,2)"": [], ""(2,0)"": [], ""(2,1)"": [], ""(2,2)"": []}']",0
7,Removing the top red block from D1's view as requested to clear the way for further construction.,"D1: I still see the top red block blocking my bottom left corner, stopping us from fixing the lower layers. Please remove that top red block first so I can add the small yellow and blue blocks next to my yellow corner on the bottom layer.","['D3: I still see a green block on top of my bottom left corner blocking everything below. Remove that top green block first so we can clear the way for the blocks underneath.', 'D1: I still see my bottom middle and bottom right empty where small yellow and small blue blocks belong next to my yellow corner. Once the top blocks are cleared, please place those two blocks there on my bottom layer.']","['D1: I still see my bottom middle and bottom right empty where small yellow and small blue blocks belong next to my yellow corner. Once the top blocks are cleared, please place those two blocks there on my bottom layer.', 'D3: I still see a green block on top of my bottom left corner blocking everything below. Remove that top green block first so we can clear the way for the blocks underneath.', 'D1: I still see the top red block blocking my bottom left corner, stopping us from fixing the lower layers. Please remove that top red block first so I can add the small yellow and blue blocks next to my yellow corner on the bottom layer.', ""Builder: Removing the top red block from D1's view as requested to clear the way for further construction."", 'Builder: FAILED — Cannot remove layer 0 at (0,2) — must remove top block first (layer 2). Board unchanged: {""(0,0)"": [""yl"", ""gl"", ""rl""], ""(0,1)"": [""bl"", ""gl"", ""gl""], ""(0,2)"": [""bs"", ""rl"", ""gl""], ""(1,0)"": [], ""(1,1)"": [], ""(1,2)"": [], ""(2,0)"": [], ""(2,1)"": [], ""(2,2)"": []}']",0
8,Placing small yellow block in the bottom layer of D1's side as requested.,"D1: I still see my bottom middle and right spots empty next to my yellow corner, needing a small yellow then a small blue block there; please place those two small blocks on the bottom layer to progress our build.","['D3: I see a green block on top of my bottom left corner blocking everything below, so remove that top green block first to clear the way for fixing my bottom layer.', 'D3: I see a green block sitting on top of my bottom left corner, blocking the red and yellow blocks below; remove that top green block there first so we can clear the way underneath.']","['D1: I still see my bottom middle and right spots empty next to my yellow corner, needing a small yellow then a small blue block there; please place those two small blocks on the bottom layer to progress our build.', 'D3: I see a green block on top of my bottom left corner blocking everything below, so remove that top green block first to clear the way for fixing my bottom layer.', 'D3: I see a green block sitting on top of my bottom left corner, blocking the red and yellow blocks below; remove that top green block there first so we can clear the way underneath.', ""Builder: Placing small yellow block in the bottom layer of D1's side as requested."", 'Builder: FAILED — Illegal span into invisible cell: (2,0)↔(2,1). Large blocks cannot include {\'(2,1)\', \'(1,1)\'}.. Board unchanged: {""(0,0)"": [""yl"", ""gl"", ""rl""], ""(0,1)"": [""bl"", ""gl"", ""gl""], ""(0,2)"": [""bs"", ""rl"", ""gl""], ""(1,0)"": [], ""(1,1)"": [], ""(1,2)"": [], ""(2,0)"": [], ""(2,1)"": [], ""(2,2)"": []}']",0
9,Removing the large green block from the bottom layer as requested by D1 and D3 to clear the way for further placements.,D3: I still see a green block sitting on top of my bottom left corner blocking everything below; remove that top green block there first so I can fix the blocks underneath.,"['D1: I still see a tall stack blocking my bottom left corner, stopping us from fixing the layers below, and my bottom middle and right spots are missing the small yellow and blue blocks next to my yellow corner; please remove those top blocks first so I can place those bottom layer blocks.', 'D3: I still see a green block blocking the top of my bottom left corner, stopping us from fixing the layers below; remove that top green block first to clear the way for placing my yellow block underneath.']","['D3: I still see a green block sitting on top of my bottom left corner blocking everything below; remove that top green block there first so I can fix the blocks underneath.', 'D3: I still see a green block blocking the top of my bottom left corner, stopping us from fixing the layers below; remove that top green block first to clear the way for placing my yellow block underneath.', 'D1: I still see a tall stack blocking my bottom left corner, stopping us from fixing the layers below, and my bottom middle and right spots are missing the small yellow and blue blocks next to my yellow corner; please remove those top blocks first so I can place those bottom layer blocks.', 'Builder: Removing the large green block from the bottom layer as requested by D1 and D3 to clear the way for further placements.', 'Builder: FAILED — Cannot remove layer 0 at (0,0) — must remove top block first (layer 2). Board unchanged: {""(0,0)"": [""yl"", ""gl"", ""rl""], ""(0,1)"": [""bl"", ""gl"", ""gl""], ""(0,2)"": [""bs"", ""rl"", ""gl""], ""(1,0)"": [], ""(1,1)"": [], ""(1,2)"": [], ""(2,0)"": [], ""(2,1)"": [], ""(2,2)"": []}']",0
10,Removing the top red block from D1's view as requested.,"D1: I still see a tall stack blocking my bottom left corner, stopping access to the layers below. Please remove the top red block there first so I can place the small yellow and blue blocks next to my yellow corner on the bottom layer.","['D1: I still see top blocks blocking my bottom left corner, stopping us from fixing the layers below, and my bottom middle and right spots need small yellow and blue blocks next to my yellow corner; please remove those top blocks first to clear the way.', 'D1: I still see a top red block blocking my bottom left corner and my bottom middle and right spots missing small yellow and blue blocks next to my yellow corner; please remove that top red block first so I can place those bottom layer blocks.']","['D1: I still see top blocks blocking my bottom left corner, stopping us from fixing the layers below, and my bottom middle and right spots need small yellow and blue blocks next to my yellow corner; please remove those top blocks first to clear the way.', 'D1: I still see a tall stack blocking my bottom left corner, stopping access to the layers below. Please remove the top red block there first so I can place the small yellow and blue blocks next to my yellow corner on the bottom layer.', 'D1: I still see a top red block blocking my bottom left corner and my bottom middle and right spots missing small yellow and blue blocks next to my yellow corner; please remove that top red block first so I can place those bottom layer blocks.', ""Builder: Removing the top red block from D1's view as requested."", 'Builder: FAILED — Cannot remove layer 0 at (0,2) — must remove top block first (layer 2). Board unchanged: {""(0,0)"": [""yl"", ""gl"", ""rl""], ""(0,1)"": [""bl"", ""gl"", ""gl""], ""(0,2)"": [""bs"", ""rl"", ""gl""], ""(1,0)"": [], ""(1,1)"": [], ""(1,2)"": [], ""(2,0)"": [], ""(2,1)"": [], ""(2,2)"": []}']",0
11,Removing the large green block from D3's bottom left corner as requested.,D3: I still see a green block on top of my bottom left corner blocking everything underneath; remove that top green block first so we can clear the way for the correct blocks below.,['D3: I still see a green block sitting on top of my bottom left corner blocking everything below; remove that top green block there first so I can fix the blocks underneath.'],"['D2: No message provided', 'D3: I still see a green block on top of my bottom left corner blocking everything underneath; remove that top green block first so we can clear the way for the correct blocks below.', 'D3: I still see a green block sitting on top of my bottom left corner blocking everything below; remove that top green block there first so I can fix the blocks underneath.', ""Builder: Removing the large green block from D3's bottom left corner as requested."", 'Builder: FAILED — Cannot remove layer 0 at (0,2) — must remove top block first (layer 2). Board unchanged: {""(0,0)"": [""yl"", ""gl"", ""rl""], ""(0,1)"": [""bl"", ""gl"", ""gl""], ""(0,2)"": [""bs"", ""rl"", ""gl""], ""(1,0)"": [], ""(1,1)"": [], ""(1,2)"": [], ""(2,0)"": [], ""(2,1)"": [], ""(2,2)"": []}']",0
12,Removing the large yellow block from D1's bottom left corner as requested.,"D1: I still see a tall stack blocking my bottom left corner, stopping us from fixing the lower layers, and my bottom middle and right spots need small yellow and blue blocks next to my yellow corner; please remove those top blocks first so I can place those bottom layer blocks.","['D3: I still see a large green block on top of my bottom left corner blocking all the blocks below; remove that top green block first so I can fix the layers underneath.', 'D1: I still see a top red block blocking my bottom left corner, stopping us from fixing the layers below, while my bottom middle and right spots need a small yellow then a small blue block; please remove that top red block there first.']","['D1: I still see a top red block blocking my bottom left corner, stopping us from fixing the layers below, while my bottom middle and right spots need a small yellow then a small blue block; please remove that top red block there first.', 'D1: I still see a tall stack blocking my bottom left corner, stopping us from fixing the lower layers, and my bottom middle and right spots need small yellow and blue blocks next to my yellow corner; please remove those top blocks first so I can place those bottom layer blocks.', 'D3: I still see a large green block on top of my bottom left corner blocking all the blocks below; remove that top green block first so I can fix the layers underneath.', ""Builder: Removing the large yellow block from D1's bottom left corner as requested."", 'Builder: FAILED — Cannot remove layer 0 at (0,0) — must remove top block first (layer 2). Board unchanged: {""(0,0)"": [""yl"", ""gl"", ""rl""], ""(0,1)"": [""bl"", ""gl"", ""gl""], ""(0,2)"": [""bs"", ""rl"", ""gl""], ""(1,0)"": [], ""(1,1)"": [], ""(1,2)"": [], ""(2,0)"": [], ""(2,1)"": [], ""(2,2)"": []}']",0
13,Removing the top red block from D1's bottom left corner as requested.,"D1: I still see the top red block blocking my bottom left corner, stopping us from fixing the lower layers, and my bottom middle and right spots need a small yellow then a small blue block next to my yellow corner; please remove that top red block there first.","['D3: I still see a green block on top of my bottom left corner blocking everything below, so remove that top green block there first to clear the way for placing my yellow and red blocks underneath.']","['D3: I still see a green block on top of my bottom left corner blocking everything below, so remove that top green block there first to clear the way for placing my yellow and red blocks underneath.', 'D2: No message provided', 'D1: I still see the top red block blocking my bottom left corner, stopping us from fixing the lower layers, and my bottom middle and right spots need a small yellow then a small blue block next to my yellow corner; please remove that top red block there first.', ""Builder: Removing the top red block from D1's bottom left corner as requested."", 'Builder: FAILED — Cannot remove layer 0 at (0,2) — must remove top block first (layer 2). Board unchanged: {""(0,0)"": [""yl"", ""gl"", ""rl""], ""(0,1)"": [""bl"", ""gl"", ""gl""], ""(0,2)"": [""bs"", ""rl"", ""gl""], ""(1,0)"": [], ""(1,1)"": [], ""(1,2)"": [], ""(2,0)"": [], ""(2,1)"": [], ""(2,2)"": []}']",0
14,Removing the top green block from the bottom right corner as requested by D2 to clear the way for the blocks below.,"D2: From my back wall, the top green block at my bottom right corner is blocking everything underneath, so please remove that top green block there first to clear the way for the blocks below.","['D1: I still see a top green block blocking my bottom left corner, stopping us from fixing the layers below, and my bottom middle and right spots are empty next to my yellow corner; please remove that top green block first to clear the way.']","['D1: I still see a top green block blocking my bottom left corner, stopping us from fixing the layers below, and my bottom middle and right spots are empty next to my yellow corner; please remove that top green block first to clear the way.', 'D2: No message provided', 'D2: From my back wall, the top green block at my bottom right corner is blocking everything underneath, so please remove that top green block there first to clear the way for the blocks below.', 'Builder: Removing the top green block from the bottom right corner as requested by D2 to clear the way for the blocks below.', 'Builder: FAILED — Cannot remove layer 0 at (0,2) — must remove top block first (layer 2). Board unchanged: {""(0,0)"": [""yl"", ""gl"", ""rl""], ""(0,1)"": [""bl"", ""gl"", ""gl""], ""(0,2)"": [""bs"", ""rl"", ""gl""], ""(1,0)"": [], ""(1,1)"": [], ""(1,2)"": [], ""(2,0)"": [], ""(2,1)"": [], ""(2,2)"": []}']",0
15,Removing the large green block from the bottom layer as requested by D3.,"D2: From my back wall, the top green block at my bottom right corner is still blocking all the blocks below; please remove that top green block there first so we can clear the way for the correct blocks underneath.","['D2: From my back wall, I see the top green block at my bottom right corner still blocking all the layers below; please remove that top green block first so we can clear the way for the correct blocks underneath.', 'D2: From my back wall, I still see a top green block blocking my bottom right corner, stopping us from fixing the layers underneath; please remove that top green block there first so we can clear the way below.']","['D2: From my back wall, the top green block at my bottom right corner is still blocking all the blocks below; please remove that top green block there first so we can clear the way for the correct blocks underneath.', 'D2: From my back wall, I see the top green block at my bottom right corner still blocking all the layers below; please remove that top green block first so we can clear the way for the correct blocks underneath.', 'D2: From my back wall, I still see a top green block blocking my bottom right corner, stopping us from fixing the layers underneath; please remove that top green block there first so we can clear the way below.', 'Builder: Removing the large green block from the bottom layer as requested by D3.', 'Builder: FAILED — Cannot remove from (2,2) — stack is empty. Board unchanged: {""(0,0)"": [""yl"", ""gl"", ""rl""], ""(0,1)"": [""bl"", ""gl"", ""gl""], ""(0,2)"": [""bs"", ""rl"", ""gl""], ""(1,0)"": [], ""(1,1)"": [], ""(1,2)"": [], ""(2,0)"": [], ""(2,1)"": [], ""(2,2)"": []}']",0
16,Placing small green block at bottom left of D1's side as requested.,"D3: I still see green blocks on top of my bottom left and middle spots blocking everything below; remove those top green blocks first so I can place the yellow, red, and blue blocks beneath.",['D3: I still see that green block sitting on top of my bottom left corner blocking everything below; remove that top green block first so I can place the yellow and red blocks underneath.'],"['D3: I still see that green block sitting on top of my bottom left corner blocking everything below; remove that top green block first so I can place the yellow and red blocks underneath.', 'D3: I still see green blocks on top of my bottom left and middle spots blocking everything below; remove those top green blocks first so I can place the yellow, red, and blue blocks beneath.', 'D3: No message provided', ""Builder: Placing small green block at bottom-left of D1's side as requested."", 'Builder: FAILED — Stack full at (0,0) (3 blocks already). Board unchanged: {""(0,0)"": [""yl"", ""gl"", ""rl""], ""(0,1)"": [""bl"", ""gl"", ""gl""], ""(0,2)"": [""bs"", ""rl"", ""gl""], ""(1,0)"": [], ""(1,1)"": [], ""(1,2)"": [], ""(2,0)"": [], ""(2,1)"": [], ""(2,2)"": []}']",0
17,Removing the top red block from D1's bottom left corner as requested.,"D1: I still see the top red block blocking my bottom left corner, stopping us from fixing the layers below, while my bottom middle and right spots need small yellow and blue blocks next to my yellow corner; please remove that top red block there first.","['D2: From my back wall, I notice the top green block at my bottom right and the top red block at my bottom left corner still blocking the layers below; please remove those top blocks first so we can place the blue and yellow blocks correctly on my bottom layer.']","['D2: From my back wall, I notice the top green block at my bottom right and the top red block at my bottom left corner still blocking the layers below; please remove those top blocks first so we can place the blue and yellow blocks correctly on my bottom layer.', 'D2: No message provided', 'D1: I still see the top red block blocking my bottom left corner, stopping us from fixing the layers below, while my bottom middle and right spots need small yellow and blue blocks next to my yellow corner; please remove that top red block there first.', ""Builder: Removing the top red block from D1's bottom left corner as requested."", 'Builder: FAILED — Cannot remove layer 0 at (0,2) — must remove top block first (layer 2). Board unchanged: {""(0,0)"": [""yl"", ""gl"", ""rl""], ""(0,1)"": [""bl"", ""gl"", ""gl""], ""(0,2)"": [""bs"", ""rl"", ""gl""], ""(1,0)"": [], ""(1,1)"": [], ""(1,2)"": [], ""(2,0)"": [], ""(2,1)"": [], ""(2,2)"": []}']",0
18,Removing the large green block from the bottom layer as requested by D1 and D3.,"D3: I still see a green block on top of my bottom left corner blocking all the blocks below; remove that top green block first so I can place the yellow, red, and blue blocks under it.","['D1: I still see that top red block blocking my bottom left corner and keeping me from placing yellow and blue blocks next to my yellow base; please remove that top red block there first to clear the way.', 'D3: I still see a top green block blocking my bottom left corner, stopping all the layers below; remove that top green block there first so I can place the yellow and red blocks underneath.']","['D3: I still see a green block on top of my bottom left corner blocking all the blocks below; remove that top green block first so I can place the yellow, red, and blue blocks under it.', 'D3: I still see a top green block blocking my bottom left corner, stopping all the layers below; remove that top green block there first so I can place the yellow and red blocks underneath.', 'D1: I still see that top red block blocking my bottom left corner and keeping me from placing yellow and blue blocks next to my yellow base; please remove that top red block there first to clear the way.', 'Builder: Removing the large green block from the bottom layer as requested by D1 and D3.', 'Builder: FAILED — Cannot remove layer 0 at (0,0) — must remove top block first (layer 2). Board unchanged: {""(0,0)"": [""yl"", ""gl"", ""rl""], ""(0,1)"": [""bl"", ""gl"", ""gl""], ""(0,2)"": [""bs"", ""rl"", ""gl""], ""(1,0)"": [], ""(1,1)"": [], ""(1,2)"": [], ""(2,0)"": [], ""(2,1)"": [], ""(2,2)"": []}']",0
19,Removing the top red block from D2's bottom left corner as requested.,"D2: From my back wall, the top green block at my bottom right and the top red block at my bottom left are still blocking all the layers below; please remove those top blocks first so we can place the blue and yellow blocks correctly on my bottom layer.","['D1: I still see the top red block blocking my bottom left corner, stopping us from fixing the layers below, while my bottom middle and right spots next to my yellow corner need small yellow and blue blocks; please remove that top red block there first.', 'D2: From my back wall, I still see top red and green blocks blocking my bottom left and right corners; please remove those top blocks first so we can place the blue and yellow blocks correctly on my bottom layer.']","['D1: I still see the top red block blocking my bottom left corner, stopping us from fixing the layers below, while my bottom middle and right spots next to my yellow corner need small yellow and blue blocks; please remove that top red block there first.', 'D2: From my back wall, the top green block at my bottom right and the top red block at my bottom left are still blocking all the layers below; please remove those top blocks first so we can place the blue and yellow blocks correctly on my bottom layer.', 'D2: From my back wall, I still see top red and green blocks blocking my bottom left and right corners; please remove those top blocks first so we can place the blue and yellow blocks correctly on my bottom layer.', ""Builder: Removing the top red block from D2's bottom left corner as requested."", 'Builder: FAILED — Cannot remove layer 0 at (0,2) — must remove top block first (layer 2). Board unchanged: {""(0,0)"": [""yl"", ""gl"", ""rl""], ""(0,1)"": [""bl"", ""gl"", ""gl""], ""(0,2)"": [""bs"", ""rl"", ""gl""], ""(1,0)"": [], ""(1,1)"": [], ""(1,2)"": [], ""(2,0)"": [], ""(2,1)"": [], ""(2,2)"": []}']",0
