x,y_choose,y_reject,score
"['D2: From my angle, the back wall on the bottom layer needs two small green blocks next to each other at my bottom left and middle spots; please place those green blocks there first.', ""D3: From my right side, the bottom layer is completely empty but should have two small blue blocks on my bottom left and middle spots. Let's start by placing those two blue blocks there."", ""D3: On my right side, the bottom layer is empty but needs two small blue blocks side by side near me, then a small green block at my bottom right. Let's start by placing those blocks there."", 'Builder:  I cannot place any blocks at the specified positions as they are currently empty. Would you like to adjust the positions for the blocks?', 'D2: From my view, the bottom layer at my back wall needs two small green blocks side by side near my bottom left corner. Those spots are empty and ready—please put those green blocks there first.', 'D1: From my left side, the bottom left and middle spots are empty but should have small orange blocks; let’s start by placing those two orange blocks there to build the base on my side.', 'D3: From my right side, the bottom layer needs two small blue blocks next to each other starting at my bottom left corner, and a small green block right next to them on my bottom right. Let’s place those blocks there first.', 'Builder:  I cannot place any blocks in the specified positions as they are currently empty. Would you like to specify different positions for the blocks?']","D1: From my left side, the bottom left and middle spots are empty but should have small orange blocks starting there, with a small red block next to them on the right. Let’s place those three blocks to build the base on my side first.",D2: I see my entire back wall bottom layer is empty and ready for blocks. Could you please place two small green blocks side by side at my bottom left and middle spots there first?,3.0
"['D2: From my angle, the back wall on the bottom layer needs two small green blocks next to each other at my bottom left and middle spots; please place those green blocks there first.', ""D3: From my right side, the bottom layer is completely empty but should have two small blue blocks on my bottom left and middle spots. Let's start by placing those two blue blocks there."", ""D3: On my right side, the bottom layer is empty but needs two small blue blocks side by side near me, then a small green block at my bottom right. Let's start by placing those blocks there."", 'Builder:  I cannot place any blocks at the specified positions as they are currently empty. Would you like to adjust the positions for the blocks?', 'D2: From my view, the bottom layer at my back wall needs two small green blocks side by side near my bottom left corner. Those spots are empty and ready—please put those green blocks there first.', 'D1: From my left side, the bottom left and middle spots are empty but should have small orange blocks; let’s start by placing those two orange blocks there to build the base on my side.', 'D3: From my right side, the bottom layer needs two small blue blocks next to each other starting at my bottom left corner, and a small green block right next to them on my bottom right. Let’s place those blocks there first.', 'Builder:  I cannot place any blocks in the specified positions as they are currently empty. Would you like to specify different positions for the blocks?']","D1: From my left side, the bottom left and middle spots are empty but should have small orange blocks starting there, with a small red block next to them on the right. Let’s place those three blocks to build the base on my side first.","D3: From my right side, the bottom layer is empty but needs two small blue blocks side by side near my bottom left corner, and a small green block right next to them on my bottom right; please place these blocks directly onto the board surface.",3.0
"['Builder:  I cannot place any blocks in the specified positions as they are currently empty. Would you like to specify different positions for the blocks?', 'D1: From my left side, the bottom left and middle spots are empty but should have small orange blocks starting there, with a small red block next to them on the right. Let’s place those three blocks to build the base on my side first.', 'D2: I see my entire back wall bottom layer is empty and ready for blocks. Could you please place two small green blocks side by side at my bottom left and middle spots there first?', 'D3: From my right side, the bottom layer is empty but needs two small blue blocks side by side near my bottom left corner, and a small green block right next to them on my bottom right; please place these blocks directly onto the board surface.', ""Builder: Placing small orange block at bottom-left of D1's side as requested."", 'Builder: Placed os at (0,0) layer 0. Current board: {""(0,0)"": [""os""], ""(0,1)"": [], ""(0,2)"": [], ""(1,0)"": [], ""(1,1)"": [], ""(1,2)"": [], ""(2,0)"": [], ""(2,1)"": [], ""(2,2)"": []}', 'D3: I still see my bottom layer empty on my right side with no blue or green blocks yet. Let’s place two small blue blocks side by side near my bottom left corner, and a small green block right next to them on my bottom right.', 'D2: I notice an orange block already sits at my bottom left, which matches the left side plan. To fit my back wall view, please place a small green block next to it and a small orange block at my bottom right corner.', 'D3: I see my entire right wall bottom layer is empty but needs two small blue blocks side by side starting at my bottom left near me, plus a small green block at my bottom right corner; please place those blocks there first.', 'Builder:  I cannot place any blocks at (0,2) as it is already occupied by an orange block. Should I place the small blue block at (1,2) instead?']","D1: I see the bottom left orange block is in place, but my middle bottom spot is still empty and needs a small orange block, and my bottom right corner is missing a small red block; please place those blocks there next.",D1: I see my bottom middle and right spots are empty but need a small orange next to the orange block and a small red block on my bottom right. Please place those two blocks there to complete my left side base.,0.0
"[""Builder: Placing small orange block at bottom-middle of D1's side as requested."", 'Builder: FAILED — Wrong layer at (1,0): got 1, expected 0 (stack has 0 blocks). Board unchanged: {""(0,0)"": [""os""], ""(0,1)"": [], ""(0,2)"": [], ""(1,0)"": [], ""(1,1)"": [], ""(1,2)"": [], ""(2,0)"": [], ""(2,1)"": [], ""(2,2)"": []}', 'D3: I see my entire bottom layer near me is still empty from my right side, needing two', 'D3: I still see my entire right side bottom layer empty with no blue or green blocks yet. Please place two small blue blocks side by side starting at my bottom left corner, and a small green block at my bottom right corner.', 'D1: I see only the small orange block at my bottom left, but my middle bottom spot and bottom right corner are still empty. Please place a small orange block next to the existing one and a small red block at my bottom right on the board surface.', 'Builder:  I cannot place any blocks at (2,2) as the structure placement is not valid. Should I place the small blue blocks at a different location?', 'D3: I see my entire bottom layer near me is still empty except for that orange block far away; let’s start by placing two small blue blocks side by side at my bottom left and middle spots first.', 'D3: I still see my entire bottom layer near me empty, needing two small blue blocks side by side at my bottom left and', 'D3: I still see my entire bottom layer near me empty with no blue or green blocks yet. Please place two small blue blocks side by side starting at my bottom left corner, then try placing the small green block at my bottom right.', 'Builder:  I cannot place any blocks in the bottom layer as requested by D3 because it is currently empty. Would you like to place blocks in a different layer instead?']","D1: I only see the small orange block at my bottom left so far, with my middle and bottom right spots still empty; please place a small orange block next to the existing one, then a small red block at my bottom right on the board surface.","D2: I notice an orange block occupies my bottom left spot, where I expected green, so please place two small green blocks side by side starting at my bottom middle and bottom right spots instead.",5.5
"[""Builder: Placing small orange block at bottom-middle of D1's side as requested."", 'Builder: FAILED — Wrong layer at (1,0): got 1, expected 0 (stack has 0 blocks). Board unchanged: {""(0,0)"": [""os""], ""(0,1)"": [], ""(0,2)"": [], ""(1,0)"": [], ""(1,1)"": [], ""(1,2)"": [], ""(2,0)"": [], ""(2,1)"": [], ""(2,2)"": []}', 'D3: I see my entire bottom layer near me is still empty from my right side, needing two', 'D3: I still see my entire right side bottom layer empty with no blue or green blocks yet. Please place two small blue blocks side by side starting at my bottom left corner, and a small green block at my bottom right corner.', 'D1: I see only the small orange block at my bottom left, but my middle bottom spot and bottom right corner are still empty. Please place a small orange block next to the existing one and a small red block at my bottom right on the board surface.', 'Builder:  I cannot place any blocks at (2,2) as the structure placement is not valid. Should I place the small blue blocks at a different location?', 'D3: I see my entire bottom layer near me is still empty except for that orange block far away; let’s start by placing two small blue blocks side by side at my bottom left and middle spots first.', 'D3: I still see my entire bottom layer near me empty, needing two small blue blocks side by side at my bottom left and', 'D3: I still see my entire bottom layer near me empty with no blue or green blocks yet. Please place two small blue blocks side by side starting at my bottom left corner, then try placing the small green block at my bottom right.', 'Builder:  I cannot place any blocks in the bottom layer as requested by D3 because it is currently empty. Would you like to place blocks in a different layer instead?']","D1: I only see the small orange block at my bottom left so far, with my middle and bottom right spots still empty; please place a small orange block next to the existing one, then a small red block at my bottom right on the board surface.","D1: I see my middle bottom spot next to the orange is still empty, and my bottom right corner needs a small red block. Please place a small orange block next to the existing one and a small red block at my bottom right on the board surface.",5.5
"['Builder:  I cannot place any blocks in the bottom layer as requested by D3 because it is currently empty. Would you like to place blocks in a different layer instead?', 'D1: I only see the small orange block at my bottom left so far, with my middle and bottom right spots still empty; please place a small orange block next to the existing one, then a small red block at my bottom right on the board surface.', 'D2: I notice an orange block occupies my bottom left spot, where I expected green, so please place two small green blocks side by side starting at my bottom middle and bottom right spots instead.', 'D1: I see my middle bottom spot next to the orange is still empty, and my bottom right corner needs a small red block. Please place a small orange block next to the existing one and a small red block at my bottom right on the board surface.', ""Builder: Placing small red block at the bottom left of D3's side as requested."", 'Builder: Placed rs at (2,0) layer 0. Current board: {""(0,0)"": [""os""], ""(0,1)"": [], ""(0,2)"": [], ""(1,0)"": [], ""(1,1)"": [], ""(1,2)"": [], ""(2,0)"": [""rs""], ""(2,1)"": [], ""(2,2)"": []}', 'D1: I see the small orange block at my bottom left and a red block at my bottom right, but the middle bottom spot next to orange is still empty; please place a small orange block there to complete my base layer.', 'D3: I still see my entire right side bottom layer mostly empty except for some blocks that don’t match my view. Please place two small blue blocks side by side starting at my bottom left corner, then add a small green block at my bottom right.', 'D2: No message provided', 'Builder:  I cannot remove any block from the middle cell on the bottom layer as there is no block there. Would you like to place a block instead?']","D1: I see the small orange block at my bottom left and the red block at my bottom right, but my middle bottom spot is still empty; please place a small orange block there next to the existing one to complete my base layer.","D1: I see the small orange block at my bottom left and the red block at my bottom right, but the middle bottom spot next to orange is still empty; please place a small orange block there on the board surface to complete my base.",3.75
"['Builder: Placed rs at (2,0) layer 0. Current board: {""(0,0)"": [""os""], ""(0,1)"": [], ""(0,2)"": [], ""(1,0)"": [], ""(1,1)"": [], ""(1,2)"": [], ""(2,0)"": [""rs""], ""(2,1)"": [], ""(2,2)"": []}', 'D1: I see the small orange block at my bottom left and a red block at my bottom right, but the middle bottom spot next to orange is still empty; please place a small orange block there to complete my base layer.', 'D3: I still see my entire right side bottom layer mostly empty except for some blocks that don’t match my view. Please place two small blue blocks side by side starting at my bottom left corner, then add a small green block at my bottom right.', 'D2: No message provided', 'Builder:  I cannot remove any block from the middle cell on the bottom layer as there is no block there. Would you like to place a block instead?', 'D1: I see the small orange block at my bottom left and the red block at my bottom right, but my middle bottom spot is still empty; please place a small orange block there next to the existing one to complete my base layer.', 'D3: No message provided', 'D1: I see the small orange block at my bottom left and the red block at my bottom right, but the middle bottom spot next to orange is still empty; please place a small orange block there on the board surface to complete my base.', ""Builder: Placing small orange block at the middle-left of D1's side as requested to complete the base."", 'Builder: Placed os at (1,0) layer 0. Current board: {""(0,0)"": [""os""], ""(0,1)"": [], ""(0,2)"": [], ""(1,0)"": [""os""], ""(1,1)"": [], ""(1,2)"": [], ""(2,0)"": [""rs""], ""(2,1)"": [], ""(2,2)"": []}']","D1: I see my bottom layer base is complete with orange and red blocks, but the middle layer left and middle spots are empty. Let’s stack two small blue blocks side by side on top of the orange blocks there.","D3: From my right side, the bottom layer near me is still empty with no blue or green blocks yet. Please place two small blue blocks side by side starting at my bottom left corner, then add a small green block at my bottom right.",3.875
"['Builder: Placed rs at (2,0) layer 0. Current board: {""(0,0)"": [""os""], ""(0,1)"": [], ""(0,2)"": [], ""(1,0)"": [], ""(1,1)"": [], ""(1,2)"": [], ""(2,0)"": [""rs""], ""(2,1)"": [], ""(2,2)"": []}', 'D1: I see the small orange block at my bottom left and a red block at my bottom right, but the middle bottom spot next to orange is still empty; please place a small orange block there to complete my base layer.', 'D3: I still see my entire right side bottom layer mostly empty except for some blocks that don’t match my view. Please place two small blue blocks side by side starting at my bottom left corner, then add a small green block at my bottom right.', 'D2: No message provided', 'Builder:  I cannot remove any block from the middle cell on the bottom layer as there is no block there. Would you like to place a block instead?', 'D1: I see the small orange block at my bottom left and the red block at my bottom right, but my middle bottom spot is still empty; please place a small orange block there next to the existing one to complete my base layer.', 'D3: No message provided', 'D1: I see the small orange block at my bottom left and the red block at my bottom right, but the middle bottom spot next to orange is still empty; please place a small orange block there on the board surface to complete my base.', ""Builder: Placing small orange block at the middle-left of D1's side as requested to complete the base."", 'Builder: Placed os at (1,0) layer 0. Current board: {""(0,0)"": [""os""], ""(0,1)"": [], ""(0,2)"": [], ""(1,0)"": [""os""], ""(1,1)"": [], ""(1,2)"": [], ""(2,0)"": [""rs""], ""(2,1)"": [], ""(2,2)"": []}']","D1: I see my bottom layer base is complete with orange and red blocks, but the middle layer left and middle spots are empty. Let’s stack two small blue blocks side by side on top of the orange blocks there.","D1: I see my left side bottom layer is built but the middle layer there is still empty; please stack two small blue blocks starting at my bottom left and middle spots, plus a small green block at my bottom right on top.",3.875
"['D1: I see the small orange block at my bottom left and the red block at my bottom right, but my middle bottom spot is still empty; please place a small orange block there next to the existing one to complete my base layer.', 'D3: No message provided', 'D1: I see the small orange block at my bottom left and the red block at my bottom right, but the middle bottom spot next to orange is still empty; please place a small orange block there on the board surface to complete my base.', ""Builder: Placing small orange block at the middle-left of D1's side as requested to complete the base."", 'Builder: Placed os at (1,0) layer 0. Current board: {""(0,0)"": [""os""], ""(0,1)"": [], ""(0,2)"": [], ""(1,0)"": [""os""], ""(1,1)"": [], ""(1,2)"": [], ""(2,0)"": [""rs""], ""(2,1)"": [], ""(2,2)"": []}', 'D1: I see my bottom layer base is complete with orange and red blocks, but the middle layer left and middle spots are empty. Let’s stack two small blue blocks side by side on top of the orange blocks there.', 'D1: I see my left side bottom layer is built but the middle layer there is still empty; please stack two small blue blocks starting at my bottom left and middle spots, plus a small green block at my bottom right on top.', 'D3: From my right side, the bottom layer near me is still empty with no blue or green blocks yet. Please place two small blue blocks side by side starting at my bottom left corner, then add a small green block at my bottom right.', ""Builder: Placing a small blue block at the bottom-left of D1's side as requested."", 'Builder: Placed bs at (0,0) layer 1. Current board: {""(0,0)"": [""os"", ""bs""], ""(0,1)"": [], ""(0,2)"": [], ""(1,0)"": [""os""], ""(1,1)"": [], ""(1,2)"": [], ""(2,0)"": [""rs""], ""(2,1)"": [], ""(2,2)"": []}']","D3: I still see my entire right wall bottom layer empty with no blue or green blocks yet. Please place two small blue blocks side by side starting at my bottom left corner, then add a small green block at my bottom right corner on the board surface.",D3: I still see my entire bottom layer near me empty except a red block at,5.9375
"[""Builder: Placing small green block at middle-left of D2's side as a potential addition to the structure."", 'Builder: Placed gs at (0,1) layer 0. Current board: {""(0,0)"": [""os"", ""bs""], ""(0,1)"": [""gs""], ""(0,2)"": [""gl""], ""(1,0)"": [""os"", ""bs""], ""(1,1)"": [], ""(1,2)"": [""gl""], ""(2,0)"": [""rs""], ""(2,1)"": [], ""(2,2)"": []}', 'D2: No message provided', 'D1: I see the middle layer right spot above the red block is still empty from my side; to clarify, please stack the small green block there at my bottom right on the middle layer. After that, we’ll need three small blue blocks lined up on top.', 'D1: I notice the middle layer’s right side on my left wall is still empty above the red block, so please stack a small green block there next to the blue ones to keep building upward smoothly.', ""Builder:  I noticed that the middle layer’s right side on D1's left wall is still empty above the red block. Should I place a small green block there next to the blue ones?"", 'D3: I see the large green block covering my bottom left and middle spots, but my bottom right corner is still missing the small blue block. Please place a small blue block there on the board surface.', 'D3: I see a large green block wrongly spanning my bottom left and middle spots, but I need two small blue blocks there and a small green block at my bottom right; please remove that large green block and place these three blocks on my bottom layer.', 'D1: I see the middle layer right spot on my left side above the red block is empty—please place a small green block there next to the blue ones, and after that, stack three small blue blocks lined up on top.', 'Builder:  I cannot remove the large green block from the bottom layer as requested by D3 because it is not present in the specified position. Would you like to place the small blue blocks instead?']","D3: I see a large green block covering my bottom left and middle spots, but I need two small blue blocks there and a small green block at my bottom right instead; please remove that large green block and place these three blocks on my bottom layer.","D2: From my back wall, the bottom left spot has orange instead of green, which seems off, and the middle and right spots have a large green block covering both. Let’s place a small orange block at my bottom right corner to move closer to my view.",3.9921875
"[""Builder:  I noticed that the middle layer’s right side on D1's left wall is still empty above the red block. Should I place a small green block there next to the blue ones?"", 'D3: I see the large green block covering my bottom left and middle spots, but my bottom right corner is still missing the small blue block. Please place a small blue block there on the board surface.', 'D3: I see a large green block wrongly spanning my bottom left and middle spots, but I need two small blue blocks there and a small green block at my bottom right; please remove that large green block and place these three blocks on my bottom layer.', 'D1: I see the middle layer right spot on my left side above the red block is empty—please place a small green block there next to the blue ones, and after that, stack three small blue blocks lined up on top.', 'Builder:  I cannot remove the large green block from the bottom layer as requested by D3 because it is not present in the specified position. Would you like to place the small blue blocks instead?', 'D3: I see a large green block covering my bottom left and middle spots, but I need two small blue blocks there and a small green block at my bottom right instead; please remove that large green block and place these three blocks on my bottom layer.', 'D2: From my back wall, the bottom left spot has orange instead of green, which seems off, and the middle and right spots have a large green block covering both. Let’s place a small orange block at my bottom right corner to move closer to my view.', 'D2: No message provided', ""Builder: Removing the large green block from D3's bottom layer as requested."", 'Builder: Placed gl at (0,2)↔(1,2) layer 0. Current board: {""(0,0)"": [""os"", ""bs""], ""(0,1)"": [""gs""], ""(0,2)"": [], ""(1,0)"": [""os"", ""bs""], ""(1,1)"": [], ""(1,2)"": [], ""(2,0)"": [""rs""], ""(2,1)"": [], ""(2,2)"": []}']","D3: From my right side, the bottom layer near me is still empty; please place two small blue blocks side by side starting at my bottom left corner, then add a small green block at my bottom right corner on the board surface.","D1: I see the middle layer right spot on my left wall still empty above the red block, and the top layer bare. Please stack a small green block there next to the blue ones on the middle layer.",3.99609375
"[""Builder:  I noticed that the middle layer’s right side on D1's left wall is still empty above the red block. Should I place a small green block there next to the blue ones?"", 'D3: I see the large green block covering my bottom left and middle spots, but my bottom right corner is still missing the small blue block. Please place a small blue block there on the board surface.', 'D3: I see a large green block wrongly spanning my bottom left and middle spots, but I need two small blue blocks there and a small green block at my bottom right; please remove that large green block and place these three blocks on my bottom layer.', 'D1: I see the middle layer right spot on my left side above the red block is empty—please place a small green block there next to the blue ones, and after that, stack three small blue blocks lined up on top.', 'Builder:  I cannot remove the large green block from the bottom layer as requested by D3 because it is not present in the specified position. Would you like to place the small blue blocks instead?', 'D3: I see a large green block covering my bottom left and middle spots, but I need two small blue blocks there and a small green block at my bottom right instead; please remove that large green block and place these three blocks on my bottom layer.', 'D2: From my back wall, the bottom left spot has orange instead of green, which seems off, and the middle and right spots have a large green block covering both. Let’s place a small orange block at my bottom right corner to move closer to my view.', 'D2: No message provided', ""Builder: Removing the large green block from D3's bottom layer as requested."", 'Builder: Placed gl at (0,2)↔(1,2) layer 0. Current board: {""(0,0)"": [""os"", ""bs""], ""(0,1)"": [""gs""], ""(0,2)"": [], ""(1,0)"": [""os"", ""bs""], ""(1,1)"": [], ""(1,2)"": [], ""(2,0)"": [""rs""], ""(2,1)"": [], ""(2,2)"": []}']","D3: From my right side, the bottom layer near me is still empty; please place two small blue blocks side by side starting at my bottom left corner, then add a small green block at my bottom right corner on the board surface.","D3: From my right side, the bottom layer near me is still empty; please place two small blue blocks side by side starting at my bottom left corner and then a small green block at my bottom right corner on the board surface.",3.99609375
