,Correctness,Flouted,MannerType,Action,FailedMove
0,6.0,True,MannerType.AcceptedDuplicates,place,False
1,6.0,False,MannerType.NoDuplciates,place,False
2,6.0,True,MannerType.AcceptedDuplicates,place,False
3,3.0,True,MannerType.AcceptedDuplicates,place,False
4,3.5,False,MannerType.AcceptedDuplicates,place,False
5,3.75,False,MannerType.AcceptedDuplicates,place,False
6,3.875,True,MannerType.AcceptedDuplicates,place,False
7,5.9375,False,MannerType.NoDuplciates,place,False
8,3.96875,True,MannerType.AcceptedDuplicates,place,False
9,3.984375,False,MannerType.AcceptedDuplicates,place,False
10,3.9921875,False,MannerType.NoDuplciates,place,False
11,3.99609375,False,MannerType.AcceptedDuplicates,place,False
12,5.998046875,True,MannerType.AcceptedDuplicates,place,False
13,5.9990234375,True,MannerType.AcceptedDuplicates,place,False
14,5.99951171875,False,MannerType.AcceptedDuplicates,place,False
15,3.999755859375,False,MannerType.NoDuplciates,place,False
16,3.9998779296875,False,MannerType.AcceptedDuplicates,place,False
17,0.0,False,MannerType.NoDuplciates,place,True
18,3.99993896484375,False,MannerType.NoDuplciates,remove,False
19,6.0,False,MannerType.NoDuplciates,place,False
20,6.0,True,MannerType.AcceptedDuplicates,place,False
21,6.0,True,MannerType.AcceptedDuplicates,place,False
22,6.0,False,MannerType.AcceptedDuplicates,place,False
23,4.0,False,MannerType.AcceptedDuplicates,remove,False
24,6.0,True,MannerType.AcceptedDuplicates,place,False
25,6.0,False,MannerType.NoDuplciates,place,False
26,4.0,False,MannerType.NoDuplciates,remove,False
27,3.0,False,MannerType.NoDuplciates,place,False
28,3.5,False,MannerType.AcceptedDuplicates,place,False
29,5.75,False,MannerType.AcceptedDuplicates,place,False
30,3.875,False,MannerType.AcceptedDuplicates,place,False
31,3.9375,True,MannerType.AcceptedDuplicates,place,False
32,0.0,True,MannerType.AcceptedDuplicates,place,True
33,4.96875,False,MannerType.NoDuplciates,remove,False
34,3.984375,False,MannerType.NoDuplciates,remove,False
35,3.9921875,True,MannerType.AcceptedDuplicates,place,False
36,3.99609375,False,MannerType.AcceptedDuplicates,place,False
37,5.998046875,True,MannerType.AcceptedDuplicates,remove,False
38,5.9990234375,False,MannerType.NoDuplciates,place,False
39,6.0,True,MannerType.AcceptedDuplicates,place,False
40,6.0,True,MannerType.AcceptedDuplicates,place,False
41,6.0,False,MannerType.AcceptedDuplicates,place,False
42,6.0,False,MannerType.AcceptedDuplicates,place,False
43,3.0,True,MannerType.AcceptedDuplicates,place,False
44,5.5,True,MannerType.AcceptedDuplicates,place,False
45,3.75,False,MannerType.AcceptedDuplicates,place,False
46,5.875,False,MannerType.NoDuplciates,place,False
47,3.9375,False,MannerType.NoDuplciates,place,False
48,3.96875,False,MannerType.NoDuplciates,place,False
49,3.984375,True,MannerType.AcceptedDuplicates,place,False
50,3.9921875,True,MannerType.AcceptedDuplicates,place,False
51,3.99609375,False,MannerType.AcceptedDuplicates,place,False
52,0.0,False,MannerType.NoDuplciates,place,True
53,3.998046875,True,MannerType.AcceptedDuplicates,place,False
54,0.0,False,MannerType.NoDuplciates,remove,True
55,0.0,False,MannerType.NoDuplciates,place,True
56,5.9990234375,False,MannerType.AcceptedDuplicates,place,False
57,5.99951171875,True,MannerType.AcceptedDuplicates,remove,False
58,3.999755859375,False,MannerType.NoDuplciates,place,False
59,6.0,True,MannerType.AcceptedDuplicates,place,False
60,6.0,False,MannerType.AcceptedDuplicates,place,False
61,6.0,False,MannerType.NoDuplciates,place,False
62,6.0,True,MannerType.AcceptedDuplicates,place,False
63,6.0,True,MannerType.AcceptedDuplicates,place,False
64,3.0,False,MannerType.AcceptedDuplicates,place,False
65,3.5,True,MannerType.AcceptedDuplicates,place,False
66,3.75,True,MannerType.AcceptedDuplicates,place,False
67,3.875,False,MannerType.AcceptedDuplicates,place,False
68,3.9375,True,MannerType.AcceptedDuplicates,place,False
69,3.96875,True,MannerType.AcceptedDuplicates,place,False
70,3.984375,False,MannerType.NoDuplciates,place,False
71,3.9921875,True,MannerType.AcceptedDuplicates,place,False
72,3.99609375,True,MannerType.AcceptedDuplicates,place,False
73,3.998046875,False,MannerType.NoDuplciates,place,False
74,5.9990234375,False,MannerType.AcceptedDuplicates,place,False
75,0.0,True,MannerType.AcceptedDuplicates,place,True
76,0.0,True,MannerType.AcceptedDuplicates,place,True
77,0.0,False,MannerType.AcceptedDuplicates,place,True
78,3.99951171875,False,MannerType.AcceptedDuplicates,place,False
79,3.0,False,MannerType.AcceptedDuplicates,place,False
80,5.5,False,MannerType.NoDuplciates,place,False
81,5.75,False,MannerType.AcceptedDuplicates,place,False
82,3.875,False,MannerType.NoDuplciates,place,False
83,3.9375,False,MannerType.NoDuplciates,place,False
84,3.96875,True,MannerType.AcceptedDuplicates,place,False
85,3.984375,False,MannerType.AcceptedDuplicates,place,False
86,0.0,True,MannerType.AcceptedDuplicates,remove,True
87,5.9921875,False,MannerType.NoDuplciates,remove,False
88,3.99609375,True,MannerType.AcceptedDuplicates,place,False
89,3.998046875,False,MannerType.AcceptedDuplicates,place,False
90,3.9990234375,False,MannerType.NoDuplciates,remove,False
91,5.99951171875,True,MannerType.AcceptedDuplicates,place,False
92,5.999755859375,False,MannerType.NoDuplciates,remove,False
93,5.9998779296875,False,MannerType.NoDuplciates,place,False
94,3.99993896484375,True,MannerType.AcceptedDuplicates,place,False
95,3.999969482421875,True,MannerType.AcceptedDuplicates,place,False
96,3.9999847412109375,True,MannerType.AcceptedDuplicates,place,False
97,3.9999923706054688,True,MannerType.AcceptedDuplicates,place,False
98,3.0,False,MannerType.AcceptedDuplicates,place,False
99,5.0,False,MannerType.NoDuplciates,remove,False
100,3.0,False,MannerType.AcceptedDuplicates,place,False
101,5.5,True,MannerType.AcceptedDuplicates,place,False
102,5.75,True,MannerType.AcceptedDuplicates,place,False
103,3.875,True,MannerType.AcceptedDuplicates,place,False
104,2.9375,True,MannerType.AcceptedDuplicates,remove,False
105,5.96875,False,MannerType.AcceptedDuplicates,remove,False
106,0.0,True,MannerType.AcceptedDuplicates,place,True
107,6.0,True,MannerType.AcceptedDuplicates,remove,False
108,2.0,True,MannerType.AcceptedDuplicates,place,False
109,3.5,False,MannerType.NoDuplciates,place,False
110,3.75,True,MannerType.AcceptedDuplicates,place,False
111,3.875,False,MannerType.AcceptedDuplicates,place,False
112,5.9375,False,MannerType.NoDuplciates,place,False
113,3.96875,False,MannerType.NoDuplciates,place,False
114,3.0,True,MannerType.AcceptedDuplicates,place,False
115,5.5,False,MannerType.NoDuplciates,place,False
116,5.75,False,MannerType.NoDuplciates,place,False
117,5.0,False,MannerType.NoDuplciates,remove,False
118,3.0,True,MannerType.AcceptedDuplicates,place,False
119,6.0,True,MannerType.AcceptedDuplicates,remove,False
120,3.0,False,MannerType.AcceptedDuplicates,place,False
121,3.5,True,MannerType.AcceptedDuplicates,place,False
122,0.0,False,MannerType.NoDuplciates,place,True
123,2.75,True,MannerType.AcceptedDuplicates,place,False
124,3.875,False,MannerType.AcceptedDuplicates,place,False
125,4.9375,True,MannerType.AcceptedDuplicates,remove,False
126,5.96875,False,MannerType.AcceptedDuplicates,place,False
127,3.984375,False,MannerType.AcceptedDuplicates,place,False
128,5.9921875,True,MannerType.AcceptedDuplicates,remove,False
129,3.99609375,False,MannerType.AcceptedDuplicates,place,False
130,3.998046875,False,MannerType.AcceptedDuplicates,place,False
131,5.9990234375,True,MannerType.AcceptedDuplicates,place,False
132,3.99951171875,False,MannerType.NoDuplciates,remove,False
133,3.0,True,MannerType.AcceptedDuplicates,place,False
134,3.5,True,MannerType.AcceptedDuplicates,place,False
135,5.75,True,MannerType.AcceptedDuplicates,remove,False
136,3.875,False,MannerType.NoDuplciates,place,False
137,3.9375,False,MannerType.NoDuplciates,place,False
138,5.96875,False,MannerType.NoDuplciates,place,False
139,3.984375,False,MannerType.NoDuplciates,place,False
140,3.9921875,True,MannerType.AcceptedDuplicates,place,False
141,3.99609375,False,MannerType.AcceptedDuplicates,place,False
142,5.998046875,False,MannerType.NoDuplciates,remove,False
143,3.9990234375,False,MannerType.NoDuplciates,place,False
144,5.99951171875,True,MannerType.AcceptedDuplicates,place,False
145,5.999755859375,False,MannerType.NoDuplciates,remove,False
146,3.9998779296875,True,MannerType.AcceptedDuplicates,place,False
147,3.99993896484375,False,MannerType.NoDuplciates,place,False
148,5.999969482421875,True,MannerType.AcceptedDuplicates,remove,False
149,3.9999847412109375,False,MannerType.AcceptedDuplicates,place,False
150,0.0,False,MannerType.NoDuplciates,place,True
151,3.0,False,MannerType.NoDuplciates,place,False
152,6.0,True,MannerType.AcceptedDuplicates,remove,False
153,3.0,False,MannerType.NoDuplciates,place,False
154,6.0,True,MannerType.AcceptedDuplicates,remove,False
155,6.0,True,MannerType.AcceptedDuplicates,place,False
156,3.0,False,MannerType.NoDuplciates,place,False
157,5.0,False,MannerType.AcceptedDuplicates,remove,False
158,3.0,True,MannerType.AcceptedDuplicates,place,False
159,3.5,False,MannerType.NoDuplciates,place,False
160,3.75,True,MannerType.AcceptedDuplicates,place,False
161,3.875,True,MannerType.AcceptedDuplicates,place,False
162,5.9375,False,MannerType.NoDuplciates,remove,False
163,3.96875,False,MannerType.NoDuplciates,place,False
164,3.984375,False,MannerType.AcceptedDuplicates,place,False
165,4.9921875,False,MannerType.NoDuplciates,remove,False
166,5.99609375,True,MannerType.AcceptedDuplicates,place,False
167,3.998046875,False,MannerType.NoDuplciates,place,False
168,3.9990234375,False,MannerType.NoDuplciates,place,False
169,3.99951171875,True,MannerType.AcceptedDuplicates,place,False
170,3.0,True,MannerType.AcceptedDuplicates,place,False
171,2.5,False,MannerType.NoDuplciates,place,False
172,4.75,True,MannerType.AcceptedDuplicates,remove,False
173,2.875,False,MannerType.NoDuplciates,place,False
174,5.9375,True,MannerType.AcceptedDuplicates,place,False
175,5.96875,False,MannerType.AcceptedDuplicates,remove,False
176,5.0,True,MannerType.AcceptedDuplicates,remove,False
177,2.0,True,MannerType.AcceptedDuplicates,place,False
178,6.0,False,MannerType.NoDuplciates,remove,False
179,3.0,False,MannerType.AcceptedDuplicates,place,False
180,3.5,True,MannerType.AcceptedDuplicates,place,False
181,5.75,False,MannerType.AcceptedDuplicates,remove,False
182,3.875,True,MannerType.AcceptedDuplicates,place,False
183,2.9375,True,MannerType.AcceptedDuplicates,place,False
184,5.96875,False,MannerType.AcceptedDuplicates,place,False
185,4.984375,False,MannerType.NoDuplciates,remove,False
186,3.9921875,False,MannerType.NoDuplciates,place,False
187,3.99609375,False,MannerType.AcceptedDuplicates,place,False
188,3.998046875,False,MannerType.NoDuplciates,place,False
189,6.0,True,MannerType.AcceptedDuplicates,place,False
190,6.0,True,MannerType.AcceptedDuplicates,place,False
191,3.0,True,MannerType.AcceptedDuplicates,place,False
192,3.5,True,MannerType.AcceptedDuplicates,place,False
193,5.75,False,MannerType.AcceptedDuplicates,place,False
194,3.875,True,MannerType.AcceptedDuplicates,remove,False
195,5.9375,True,MannerType.AcceptedDuplicates,place,False
196,3.96875,False,MannerType.NoDuplciates,place,False
197,5.984375,True,MannerType.AcceptedDuplicates,place,False
198,3.9921875,True,MannerType.AcceptedDuplicates,place,False
199,0.0,False,MannerType.NoDuplciates,place,True
200,3.99609375,True,MannerType.AcceptedDuplicates,place,False
201,5.998046875,True,MannerType.AcceptedDuplicates,place,False
202,5.9990234375,True,MannerType.AcceptedDuplicates,place,False
203,5.99951171875,False,MannerType.NoDuplciates,remove,False
204,3.999755859375,False,MannerType.NoDuplciates,place,False
205,5.9998779296875,False,MannerType.AcceptedDuplicates,place,False
206,3.99993896484375,True,MannerType.AcceptedDuplicates,place,False
207,3.0,False,MannerType.AcceptedDuplicates,place,False
208,2.5,True,MannerType.AcceptedDuplicates,place,False
209,5.75,False,MannerType.AcceptedDuplicates,remove,False
210,5.875,False,MannerType.AcceptedDuplicates,place,False
211,0.0,True,MannerType.AcceptedDuplicates,place,True
212,5.9375,False,MannerType.NoDuplciates,place,False
213,5.96875,False,MannerType.AcceptedDuplicates,place,False
214,3.984375,True,MannerType.AcceptedDuplicates,place,False
215,3.9921875,False,MannerType.NoDuplciates,place,False
216,5.99609375,True,MannerType.AcceptedDuplicates,place,False
217,3.998046875,True,MannerType.AcceptedDuplicates,remove,False
218,5.9990234375,False,MannerType.NoDuplciates,remove,False
219,5.99951171875,False,MannerType.AcceptedDuplicates,place,False
220,5.999755859375,False,MannerType.AcceptedDuplicates,place,False
221,3.9998779296875,False,MannerType.AcceptedDuplicates,place,False
222,5.99993896484375,False,MannerType.NoDuplciates,remove,False
