temp,struct,category,startProgress,overallProgress,deltaProgress,d1Selected,d2Selected,d3Selected,endDistance,deltaDistance,endIou,deltaIou,endCompletion,deltaCompletion,endPositionAccuracy,deltaPositionAccuracy
A,1_1,empty,0.037,0.158,0.121,7,5,7,0.353,0.353,0.214,0.214,0.261,0.261,0.000,-0.111
A,1_2,empty,0.037,0.17,0.133,6,8,6,0.308,0.308,0.182,0.182,0.217,0.217,0.111,0.000
A,2_1,firstTwoLayers,0.63,0.618,-0.012,9,6,3,0.833,-0.024,0.714,-0.036,0.696,0.000,0.444,0.000
A,2_2,firstTwoLayers,0.63,0.551,-0.079,4,6,7,0.800,-0.057,0.667,-0.083,0.652,-0.043,0.333,-0.111
A,3_1,D1Wall,0.347,0.431,0.084,2,9,7,0.579,0.063,0.407,0.060,0.440,0.080,0.444,0.111
A,3_2,D1Wall,0.347,0.423,0.075,0,3,8,0.595,0.078,0.423,0.075,0.400,0.040,0.444,0.111
A,4_1,firstTwoLayers,0.634,0.618,-0.016,4,7,9,0.833,-0.032,0.714,-0.048,0.696,0.000,0.444,0.000
A,4_2,firstTwoLayers,0.634,0.645,0.011,6,2,7,0.829,-0.036,0.708,-0.054,0.783,0.087,0.444,0.000
A,5_1,D3Wall,0.412,0.384,-0.028,4,12,4,0.600,0.029,0.429,0.029,0.391,0.000,0.333,-0.111
A,5_2,D3Wall,0.412,0.406,-0.006,6,6,6,0.621,0.049,0.450,0.050,0.435,0.043,0.333,-0.111
A,6_1,D3Wall,0.342,0.515,0.173,9,8,2,0.667,0.167,0.500,0.167,0.600,0.240,0.444,0.111
A,6_2,D3Wall,0.342,0.501,0.159,12,2,4,0.667,0.167,0.500,0.167,0.560,0.200,0.444,0.111
A,7_1,D3Wall,0.363,0.432,0.069,9,6,4,0.632,0.080,0.462,0.081,0.500,0.125,0.333,0.000
A,7_2,D3Wall,0.363,0.378,0.015,9,5,6,0.556,0.004,0.385,0.004,0.417,0.042,0.333,0.000
A,8_1,D2Wall,0.418,0.425,0.007,9,3,7,0.545,-0.026,0.375,-0.025,0.455,0.045,0.444,0.000
A,8_2,D2Wall,0.418,0.42,0.002,6,7,5,0.529,-0.042,0.360,-0.040,0.455,0.045,0.444,0.000
A,9_1,firstLayer,0.308,0.282,-0.026,9,5,2,0.452,-0.087,0.292,-0.077,0.333,0.000,0.222,0.000
A,9_2,firstLayer,0.308,0.328,0.02,6,2,5,0.500,-0.038,0.333,-0.035,0.429,0.095,0.222,0.000
A,10_1,empty,0.0,0.241,0.241,7,6,7,0.500,0.500,0.333,0.333,0.280,0.280,0.111,0.111
A,10_2,empty,0.0,0.163,0.163,10,6,4,0.400,0.400,0.250,0.250,0.240,0.240,0.000,0.000
A,11_1,D3Wall,0.418,0.316,-0.102,6,5,6,0.400,-0.171,0.250,-0.150,0.364,-0.045,0.333,-0.111
A,11_2,D3Wall,0.418,0.319,-0.099,11,6,3,0.412,-0.160,0.259,-0.141,0.364,-0.045,0.333,-0.111
A,12_1,D2Wall,0.418,0.466,0.048,4,4,11,0.625,0.054,0.455,0.055,0.500,0.091,0.444,0.000
A,12_2,D2Wall,0.418,0.527,0.109,6,6,8,0.706,0.134,0.545,0.145,0.591,0.182,0.444,0.000
A,13_1,D2Wall,0.342,0.287,-0.055,7,7,6,0.529,0.029,0.360,0.027,0.280,-0.080,0.222,-0.111
A,13_2,D2Wall,0.342,0.257,-0.086,9,5,5,0.471,-0.029,0.308,-0.026,0.240,-0.120,0.222,-0.111
A,14_1,D2Wall,0.352,0.426,0.074,8,4,5,0.615,0.099,0.444,0.097,0.500,0.125,0.333,0.000
A,14_2,D2Wall,0.352,0.383,0.031,8,8,4,0.571,0.055,0.400,0.052,0.417,0.042,0.333,0.000
A,15_1,empty,0.074,0.186,0.112,8,4,7,0.323,0.323,0.192,0.192,0.143,0.143,0.222,0.000
A,15_2,empty,0.074,0.153,0.079,7,4,5,0.250,0.250,0.143,0.143,0.095,0.095,0.222,0.000
A,16_1,empty,0.0,0.093,0.093,6,4,9,0.267,0.267,0.154,0.154,0.125,0.125,0.000,0.000
A,16_2,empty,0.0,0.09,0.09,3,5,10,0.312,0.312,0.185,0.185,0.083,0.083,0.000,0.000
A,17_1,empty,0.037,0.123,0.086,8,5,6,0.286,0.286,0.167,0.167,0.091,0.091,0.111,0.000
A,17_2,empty,0.037,0.113,0.076,9,4,6,0.240,0.240,0.136,0.136,0.091,0.091,0.111,0.000
A,18_1,D1Wall,0.342,0.314,-0.028,5,6,9,0.571,0.071,0.400,0.067,0.320,-0.040,0.222,-0.111
A,18_2,D1Wall,0.342,0.385,0.043,5,3,7,0.595,0.095,0.423,0.090,0.400,0.040,0.333,0.000
A,19_1,D1Wall,0.476,0.576,0.099,5,8,7,0.750,0.135,0.600,0.156,0.571,0.143,0.556,0.000
A,19_2,D1Wall,0.476,0.502,0.026,1,7,12,0.643,0.027,0.474,0.029,0.476,0.048,0.556,0.000
A,20_1,empty,0.0,0.181,0.181,6,6,6,0.400,0.400,0.250,0.250,0.292,0.292,0.000,0.000
A,20_2,empty,0.0,0.136,0.136,6,3,7,0.333,0.333,0.200,0.200,0.208,0.208,0.000,0.000
