,Correctness,Wall,Flouted,Action,FailedMove
0,6.0,D1,False,place,False
1,3.0,D1,False,place,False
2,3.5,D1,False,place,False
3,0.0,D1,False,remove,True
4,0.0,D1,True,remove,True
5,3.75,D1,False,remove,False
6,3.875,D1,False,place,False
7,3.9375,D1,False,place,False
8,0.0,D1,False,remove,True
9,5.96875,D1,False,remove,False
10,5.984375,D1,False,remove,False
11,3.9921875,D1,False,place,False
12,3.99609375,D1,False,place,False
13,3.998046875,D1,False,place,False
14,3.9990234375,D1,False,place,False
15,5.99951171875,D1,False,place,False
16,5.999755859375,D1,True,place,False
17,0.0,D1,False,place,True
18,3.0,D1,False,place,False
19,3.5,D1,False,place,False
20,3.75,D1,False,place,False
21,4.875,D1,False,remove,False
22,3.9375,D1,False,place,False
23,3.96875,D1,False,place,False
24,3.984375,D1,False,place,False
25,5.9921875,D1,False,place,False
26,3.99609375,D1,False,place,False
27,0.0,D1,False,place,True
28,0.0,D1,False,remove,True
29,3.0,D3,False,place,False
30,5.0,D3,False,remove,False
31,6.0,D3,False,place,False
32,3.0,D3,False,place,False
33,3.5,D3,True,place,False
34,3.75,D3,False,place,False
35,3.875,D3,False,place,False
36,5.9375,D3,True,remove,False
37,3.96875,D3,False,place,False
38,0.0,D3,True,remove,True
39,5.984375,D3,False,remove,False
40,0.0,D3,False,place,True
41,3.9921875,D3,False,remove,False
42,0.0,D3,False,remove,True
43,5.99609375,D3,False,remove,False
44,0.0,D3,False,remove,True
45,0.0,D3,False,remove,True
46,0.0,D3,False,remove,True
47,0.0,D3,False,remove,True
48,0.0,D3,True,remove,True
49,6.0,D3,False,place,False
50,6.0,D3,True,place,False
51,3.0,D3,False,place,False
52,0.0,D3,False,remove,True
53,3.5,D3,False,remove,False
54,3.75,D3,True,remove,False
55,5.875,D3,False,place,False
56,3.9375,D3,True,remove,False
57,5.96875,D3,False,place,False
58,0.0,D3,True,remove,True
59,0.0,D3,False,remove,True
60,0.0,D3,False,remove,True
61,5.984375,D3,False,place,False
62,3.9921875,D3,False,remove,False
63,3.99609375,D3,True,place,False
64,5.998046875,D3,True,remove,False
65,3.9990234375,D3,False,place,False
66,5.99951171875,D3,False,remove,False
67,3.0,D3,False,place,False
68,5.5,D3,False,place,False
69,3.75,D3,False,place,False
70,3.875,D3,False,place,False
71,0.0,D3,False,remove,True
72,5.9375,D3,False,place,False
73,3.96875,D3,False,place,False
74,5.984375,D3,False,place,False
75,0.0,D3,False,remove,True
76,5.9921875,D3,False,place,False
77,0.0,D3,False,remove,True
78,5.99609375,D3,False,place,False
79,5.998046875,D3,False,place,False
80,0.0,D3,False,remove,True
81,0.0,D3,False,remove,True
82,0.0,D3,True,remove,True
83,0.0,D3,True,remove,True
84,3.9990234375,D3,False,place,False
85,0.0,D3,False,remove,True
86,6.0,D3,False,place,False
87,3.0,D3,False,place,False
88,3.5,D3,False,place,False
89,0.0,D3,False,remove,True
90,5.75,D3,True,remove,False
91,6.0,D3,False,remove,False
92,0.0,D3,True,remove,True
93,2.0,D3,False,place,False
94,3.5,D3,False,place,False
95,5.75,D3,False,place,False
96,3.875,D3,False,place,False
97,5.9375,D3,False,place,False
98,0.0,D3,True,remove,True
99,0.0,D3,True,remove,True
100,3.96875,D3,False,place,False
101,0.0,D3,False,remove,True
102,5.984375,D3,False,place,False
103,5.9921875,D3,False,place,False
104,3.0,D3,False,place,False
105,3.5,D3,False,place,False
106,3.75,D3,False,place,False
107,3.875,D3,False,place,False
108,0.0,D3,False,remove,True
109,3.9375,D3,False,place,False
110,3.96875,D3,False,place,False
111,0.0,D3,True,remove,True
112,5.984375,D3,False,place,False
113,5.9921875,D3,False,place,False
114,3.99609375,D3,False,place,False
115,0.0,D3,True,remove,True
116,0.0,D3,False,remove,True
117,5.998046875,D3,False,place,False
118,0.0,D3,False,remove,True
119,0.0,D3,False,remove,True
120,0.0,D3,True,remove,True
121,0.0,D3,False,remove,True
122,0.0,D3,True,remove,True
123,2.0,D3,False,place,False
124,3.5,D3,False,place,False
125,3.75,D3,False,place,False
126,0.0,D3,True,place,True
127,3.875,D3,False,place,False
128,0.0,D3,True,remove,True
129,0.0,D3,False,remove,True
130,5.9375,D3,False,place,False
131,3.96875,D3,False,place,False
132,5.984375,D3,False,remove,False
133,0.0,D3,True,remove,True
134,0.0,D3,True,remove,True
135,3.9921875,D3,False,place,False
136,3.99609375,D3,False,place,False
137,0.0,D3,True,remove,True
138,0.0,D3,False,remove,True
139,3.998046875,D3,False,place,False
140,3.9990234375,D3,False,place,False
141,0.0,D3,True,remove,True
142,0.0,D3,False,remove,True
143,0.0,D2,False,place,True
144,3.0,D2,False,place,False
145,3.5,D2,False,place,False
146,2.75,D2,False,place,False
147,3.875,D2,False,remove,False
148,3.9375,D2,False,place,False
149,5.96875,D2,False,place,False
150,3.984375,D2,False,place,False
151,5.9921875,D2,False,place,False
152,5.99609375,D2,True,place,False
153,0.0,D2,False,remove,True
154,3.998046875,D2,True,remove,False
155,0.0,D2,True,remove,True
156,5.9990234375,D2,False,remove,False
157,3.99951171875,D2,False,place,False
158,3.999755859375,D2,False,remove,False
159,0.0,D2,False,remove,True
160,5.9998779296875,D2,False,remove,False
161,5.99993896484375,D2,False,place,False
162,6.0,D2,False,place,False
163,2.0,D2,False,place,False
164,3.5,D2,True,remove,False
165,3.75,D2,False,place,False
166,5.875,D2,True,place,False
167,3.9375,D2,False,place,False
168,0.0,D2,False,remove,True
169,3.96875,D2,True,remove,False
170,3.984375,D2,False,place,False
171,5.9921875,D2,False,remove,False
172,5.99609375,D2,True,place,False
173,3.998046875,D2,True,remove,False
174,4.9990234375,D2,True,place,False
175,3.99951171875,D2,False,place,False
176,3.999755859375,D2,False,place,False
177,3.9998779296875,D2,False,place,False
178,5.99993896484375,D2,True,place,False
179,3.999969482421875,D2,False,remove,False
180,3.0,D3,False,place,False
181,3.5,D3,True,place,False
182,3.75,D3,False,place,False
183,3.875,D3,True,place,False
184,5.9375,D3,False,remove,False
185,3.96875,D3,False,place,False
186,0.0,D3,True,remove,True
187,3.984375,D3,False,place,False
188,5.9921875,D3,False,remove,False
189,3.99609375,D3,False,place,False
190,0.0,D3,True,place,True
191,3.998046875,D3,False,place,False
192,3.9990234375,D3,False,place,False
193,3.99951171875,D3,False,place,False
194,3.999755859375,D3,False,place,False
195,0.0,D3,True,remove,True
196,3.9998779296875,D3,True,remove,False
197,3.0,D3,False,place,False
198,3.5,D3,False,place,False
199,0.0,D3,False,place,True
200,4.75,D3,False,remove,False
201,3.875,D3,False,place,False
202,3.9375,D3,False,place,False
203,4.96875,D3,False,remove,False
204,3.984375,D3,False,place,False
205,3.9921875,D3,False,place,False
206,3.99609375,D3,False,place,False
207,0.0,D3,False,remove,True
208,3.998046875,D3,True,remove,False
209,3.9990234375,D3,True,place,False
210,3.99951171875,D3,False,place,False
211,5.999755859375,D3,False,remove,False
212,3.9998779296875,D3,False,place,False
213,4.99993896484375,D3,True,remove,False
214,3.999969482421875,D3,False,place,False
215,0.0,D3,False,place,True
216,3.9999847412109375,D3,False,place,False
217,3.0,D2,False,place,False
218,0.0,D2,False,remove,True
219,0.0,D2,True,remove,True
220,0.0,D2,False,remove,True
221,0.0,D2,False,remove,True
222,0.0,D2,False,remove,True
223,0.0,D2,False,remove,True
224,5.5,D2,False,place,False
225,0.0,D2,True,remove,True
226,0.0,D2,False,remove,True
227,5.75,D2,False,place,False
228,5.875,D2,False,place,False
229,0.0,D2,True,remove,True
230,0.0,D2,False,remove,True
231,0.0,D2,False,remove,True
232,0.0,D2,False,remove,True
233,3.9375,D2,False,remove,False
234,0.0,D2,True,remove,True
235,3.96875,D2,False,place,False
236,0.0,D2,True,place,True
237,3.0,D2,False,place,False
238,5.5,D2,False,place,False
239,5.75,D2,False,place,False
240,5.875,D2,False,place,False
241,5.9375,D2,False,place,False
242,0.0,D2,True,remove,True
243,0.0,D2,False,place,True
244,3.96875,D2,False,place,False
245,0.0,D2,True,remove,True
246,0.0,D2,True,remove,True
247,0.0,D2,False,place,True
248,0.0,D2,False,place,True
249,0.0,D2,False,remove,True
250,0.0,D2,True,remove,True
251,0.0,D2,False,remove,True
252,0.0,D2,False,remove,True
253,0.0,D2,True,remove,True
254,0.0,D2,False,remove,True
255,0.0,D2,False,remove,True
256,0.0,D2,True,remove,True
257,4.0,D2,False,remove,False
258,3.0,D2,False,place,False
259,3.5,D2,False,remove,False
260,0.0,D2,False,place,True
261,0.0,D2,False,remove,True
262,0.0,D2,True,remove,True
263,0.0,D2,True,remove,True
264,0.0,D2,True,remove,True
265,0.0,D2,True,remove,True
266,0.0,D2,True,remove,True
267,0.0,D2,False,remove,True
268,3.75,D2,False,remove,False
269,3.875,D2,False,place,False
270,0.0,D2,False,remove,True
271,5.9375,D2,False,place,False
272,3.96875,D2,False,place,False
273,3.984375,D2,False,place,False
274,5.9921875,D2,True,remove,False
275,3.99609375,D2,False,place,False
276,3.0,D2,False,place,False
277,3.5,D2,False,place,False
278,0.0,D2,False,remove,True
279,5.75,D2,False,remove,False
280,0.0,D2,False,remove,True
281,2.875,D2,True,remove,False
282,5.0,D2,False,remove,False
283,0.0,D2,False,remove,True
284,0.0,D2,True,place,True
285,3.0,D2,False,place,False
286,0.0,D2,True,remove,True
287,5.0,D2,False,remove,False
288,2.0,D2,False,place,False
289,2.5,D2,True,remove,False
290,2.75,D2,True,remove,False
291,2.875,D2,False,place,False
292,3.9375,D2,False,place,False
293,3.96875,D2,False,place,False
294,3.984375,D2,False,place,False
295,3.0,D2,False,place,False
296,3.5,D2,False,place,False
297,3.75,D2,False,place,False
298,2.875,D2,False,place,False
299,2.9375,D2,True,remove,False
300,0.0,D2,False,place,True
301,5.96875,D2,False,remove,False
302,5.984375,D2,False,place,False
303,3.9921875,D2,False,place,False
304,3.99609375,D2,True,place,False
305,0.0,D2,True,place,True
306,5.998046875,D2,False,place,False
307,0.0,D2,False,place,True
308,5.9990234375,D2,True,place,False
309,5.99951171875,D2,False,place,False
310,3.999755859375,D2,False,place,False
311,0.0,D2,False,place,True
312,0.0,D2,False,place,True
313,0.0,D2,True,remove,True
314,3.0,D2,False,place,False
315,3.5,D2,False,place,False
316,5.75,D2,False,place,False
317,5.875,D2,False,place,False
318,0.0,D2,True,remove,True
319,0.0,D2,True,remove,True
320,0.0,D2,False,place,True
321,3.9375,D2,False,remove,False
322,3.96875,D2,False,remove,False
323,5.984375,D2,False,place,False
324,0.0,D2,False,remove,True
325,0.0,D2,True,remove,True
326,0.0,D2,True,remove,True
327,0.0,D2,True,remove,True
328,0.0,D2,False,remove,True
329,0.0,D2,True,remove,True
330,0.0,D2,True,remove,True
331,3.9921875,D2,False,place,False
332,0.0,D1,False,remove,True
333,4.0,D1,False,remove,False
334,3.0,D1,False,place,False
335,5.5,D1,True,place,False
336,0.0,D1,True,place,True
337,3.75,D1,False,place,False
338,3.875,D1,False,place,False
339,3.9375,D1,False,place,False
340,0.0,D1,True,place,True
341,3.96875,D1,False,remove,False
342,5.984375,D1,False,remove,False
343,0.0,D1,True,place,True
344,0.0,D1,False,remove,True
345,0.0,D1,False,remove,True
346,3.9921875,D1,False,place,False
347,5.99609375,D1,True,place,False
348,3.998046875,D1,False,remove,False
349,5.9990234375,D1,False,remove,False
350,3.99951171875,D1,False,place,False
351,0.0,D1,False,remove,True
352,6.0,D1,False,place,False
353,0.0,D1,True,remove,True
354,3.0,D1,False,place,False
355,0.0,D1,False,place,True
356,3.5,D1,True,remove,False
357,3.75,D1,False,place,False
358,3.875,D1,False,place,False
359,5.9375,D1,True,place,False
360,3.96875,D1,False,place,False
361,0.0,D1,False,place,True
362,3.984375,D1,False,place,False
363,0.0,D1,True,remove,True
364,0.0,D1,False,remove,True
365,5.9921875,D1,False,remove,False
366,0.0,D1,True,remove,True
367,3.0,D1,False,place,False
368,0.0,D1,False,remove,True
369,0.0,D1,False,remove,True
370,0.0,D1,False,remove,True
371,0.0,D1,True,remove,True
372,0.0,D1,True,remove,True
373,3.5,D1,False,place,False
374,5.75,D1,False,place,False
375,0.0,D1,True,remove,True
376,0.0,D1,False,remove,True
377,3.875,D1,False,remove,False
378,0.0,D1,False,remove,True
379,0.0,D1,True,remove,True
380,0.0,D1,False,remove,True
381,0.0,D1,False,remove,True
382,0.0,D1,False,remove,True
383,3.9375,D1,False,place,False
384,5.96875,D1,True,place,False
385,5.984375,D1,False,place,False
386,5.9921875,D1,False,place,False
387,6.0,D1,False,place,False
388,2.0,D1,False,place,False
389,3.5,D1,False,place,False
390,0.0,D1,False,remove,True
391,0.0,D1,False,remove,True
392,0.0,D1,False,remove,True
393,3.75,D1,False,place,False
394,0.0,D1,False,place,True
395,5.875,D1,False,remove,False
396,0.0,D1,False,place,True
397,3.9375,D1,False,place,False
398,3.96875,D1,False,remove,False
399,0.0,D1,False,place,True
400,0.0,D1,False,remove,True
401,5.984375,D1,True,place,False
402,5.9921875,D1,False,remove,False
403,0.0,D1,False,remove,True
404,0.0,D1,False,remove,True
405,0.0,D1,False,remove,True
406,0.0,D1,False,remove,True
